{"cameraMode":{"drawMode":0,"name":"Shaded","section":"Shading Mode"},"sceneLighting":true,"audioPlay":false,"sceneViewState":{"showFog":true,"showMaterialUpdate":false,"showSkybox":true,"showFlares":true,"showImageEffects":true,"showParticleSystems":true},"in2DMode":false,"pivot":{"x":13.331390380859375,"y":15.821065902709961,"z":11.075557708740235},"rotation":{"x":-0.025159910321235658,"y":0.7028390765190125,"z":-0.02488970384001732,"w":-0.7104679942131043},"size":45.053741455078128,"orthographic":false}