{"cameraMode":{"drawMode":0,"name":"Shaded","section":"Shading Mode"},"sceneLighting":true,"audioPlay":false,"sceneViewState":{"showFog":true,"showMaterialUpdate":false,"showSkybox":true,"showFlares":true,"showImageEffects":true,"showParticleSystems":true},"in2DMode":false,"pivot":{"x":699.64697265625,"y":129.0303955078125,"z":10.70233154296875},"rotation":{"x":-0.054570216685533527,"y":0.011981845833361149,"z":0.0006548578967340291,"w":0.9984378218650818},"size":536.6430053710938,"orthographic":false}