{"cameraMode":{"drawMode":0,"name":"Shaded","section":"Shading Mode"},"sceneLighting":true,"audioPlay":false,"sceneViewState":{"showFog":true,"showMaterialUpdate":false,"showSkybox":true,"showFlares":true,"showImageEffects":true,"showParticleSystems":true},"in2DMode":false,"pivot":{"x":1.7186169624328614,"y":3.713624954223633,"z":-2.15610408782959},"rotation":{"x":0.6090726256370544,"y":-0.003568983171135187,"z":0.0027408446185290815,"w":0.7931017279624939},"size":5.684662818908691,"orthographic":false}